id,name
cce83782-4e9a-4bf0-a3ca-53d9438242fa,Claudia Rodriguez
596d4161-ae8b-4b19-b273-735dfea8bc8b,Harold Jacobson
6de84b9e-7b67-4d59-9a0c-6113ac53278c,Stephanie Hanna
b6e6c53e-d50f-4c73-b414-5006e12dd4f5,Chad Walsh
dc669ba7-73b4-4f96-b2d4-0723b59b021f,Patrick Thomas
6b23bda3-744f-495e-aefe-062f63c5f438,Emily Anderson
20b645ac-4da5-41f1-895c-5443799a10e1,Anthony Stout
a5b6f9d1-18a6-4aa2-9a9f-94b911512b5a,Dylan Carrillo
3ec7cc08-d8be-4ca6-8ae2-af9b7af6d734,Joshua Mann
2cb1e159-a5a3-4039-bb8a-5492b705387e,Douglas Shelton
b538bc54-0431-4e4e-a0e8-ded398419884,Megan Forbes
cd27acf9-dcf5-4185-8e3a-e8b2a29c61f7,Maria Moon
0f3620ac-513e-426a-aa83-9d8c054bec8d,Dr. Melissa Russell
06f0e288-a846-44dc-aebc-7034d1d0815d,Brandon Lindsey
32d4b280-4192-4651-a176-d0b98ecfeb49,Madison Mcintosh
dd858476-368a-44db-911b-bb96ff61b0d0,Jacqueline Pineda
d28fc651-2af7-4b07-b2d7-c6b7abbef2a4,James Grant
d16a2ff2-ffd0-46ea-9b47-99579852e616,Virginia James
cbebfdc6-82d9-407b-96b4-ab6fcd50c4a4,Amanda Martin
b25aaa96-8c35-497a-8ed9-714efc5c9744,Dale Berry
1d26dda8-4e08-4b6d-8c1a-aa1d7c2f4caf,Carrie Abbott
cb7f654d-cf2d-45af-bb14-338940f943ee,Shirley Kim
489c826a-5840-4ed4-b3c2-5008a9cde218,Susan Mann
a14e63bd-c858-4148-9e72-58abcc4429c1,Brittany Thomas
75b4c168-51a0-400f-9271-86cbd33eba71,Martin Barnes
32b6f730-b716-4b5d-b479-b07481773909,Yvonne Watson
5e8965ae-c9d8-4a54-b443-62a28d936d1a,Kenneth Hudson DDS
dfe88a06-1b47-4318-a227-e865dd691815,Carlos Bass Jr.
b728f7bb-fa61-4787-bde1-37247aa9631a,David Mann
00fbd03f-3b19-46ec-9db7-86eed3556cc9,Sydney Wise
f8556e36-9961-4c80-8f1c-5f405ee8371d,Lisa Pierce
02c247ce-1f6c-4213-a579-7abfd0aa18f7,Janet Robles
b1718e68-ed98-4019-a5bc-c6611c22d156,William Ayala
da1072de-3f47-4361-bdf9-2aaa548c6d8a,Amy Taylor
b9f748fe-1fcc-462b-acce-35be0221c314,Deborah Morgan
008577b9-d481-4f9a-98e4-26f2ad1fd775,Henry Zamora
be73afad-02b3-47ca-9dba-7fc997e6abe0,Kerri Wilson
6a079ad6-74a7-46f7-9d21-a32a986ffd64,Matthew Jordan
a7db90a7-822e-4438-affa-f93ad48c55d1,Nicole Martin
ae9ff52a-b110-4b74-bc52-845a134fd638,Donald Thomas
63af5475-9428-490a-8a31-0dc1cd4740f1,Stephen Archer
74a93eb1-5bc3-4856-a0e5-e8af11959c02,Kelsey Taylor
1ef22b64-558f-4996-bbcd-ad2b49e58ca7,David Buck
8147e043-6ea7-446e-8dbc-5c0081198384,Ashley Patterson
15e8de84-2af4-487a-a736-dc4ca4706d19,Kathryn Day
9b807ca9-e9f9-4843-8452-451ceaa09085,Wesley White
e39cf17d-6ac7-4ff1-9693-4897614c29be,Kevin Castro
1fd77652-bbff-4d49-ad46-e08493866a27,Barbara Koch
0952a955-2672-4965-82fa-b022c2b39d30,Billy Hughes
9583e52d-ebb5-4ed1-81e6-6b0903ca8c8e,Pamela Smith
57e5e556-e809-463d-941c-f82ae1b2e42e,Sean Jackson
5e727a8a-e9ee-4abd-b832-f81b1c8809b6,Dale Ellis
51453e1a-e3f5-4dc3-9dda-9ec6104e15bf,Ray Mitchell
86973042-87b9-40b4-a052-222d0a468537,Jodi Mitchell
5de8a2f2-7583-42da-8b6f-ff419fe02bc9,Rebecca Warren
faa535b2-1975-4d63-9413-bb58603f6e94,Gregory Hayes
273a46d8-7404-4153-843c-745098a498c6,Brittany Turner
e22c68cb-b009-4d50-ad53-1c4024db6956,Alex Taylor
913b29b1-4164-48ae-ac14-7e973655ad4a,Deborah Jackson
03ee143d-c316-4dbf-abf8-6e49370c2feb,Alyssa Alvarado
12fe944c-a4d0-4436-9f7f-73f520ae27b7,Connor Hernandez
49e86e35-3bd8-4fd4-85b1-2c0bb64f8a15,Jacob Reeves
fbb88fd5-1923-467c-be83-e10bd79ff666,Jacob Brown
fa525e54-4a56-4b15-ae7d-e2be6ddf5ed4,Blake Matthews
3612cfc1-4614-4f58-b761-d74b9bd42371,Ann Morris
ef20d851-c2f9-4706-8650-7a98e312f30e,Karen Patterson
19a474c5-9a24-402f-bfa6-1c768b32d545,Brandon Hill
f18ee34d-513f-45df-967d-03fbc17c5dbd,Michelle Gaines
3270c92d-9fb7-406c-982d-317260f782a0,Shelly Benitez
a17e6d05-3753-4d3a-8af8-7fbac3b1ad90,Mary Pacheco
41839052-9505-4d4a-a270-12b9ca3cd70b,Derek Smith
6d9c1a5f-20d9-4480-9413-0622d58395d3,Lawrence Clark
6b5a7ede-fa25-422d-84e1-b01885d37538,Jaime Hester
b8e8e160-65fe-4150-810e-07993fc6f505,April Morris
5b430e88-81de-43ec-be33-cc102a0be7fb,Susan Meadows
1bcf321f-f920-4990-a136-ebd0258c4a26,Kristin Mcintyre
5f80e20a-caf0-41a9-a94c-f1910fb9b700,Andrew Perez
bb7b04cf-169d-44af-9728-bc8c2d1c5fc1,Debra Hall
2aa379fa-c8eb-44b7-b078-cdcb13e52018,Diane Marshall
5fa42d73-d86f-465c-9435-a3ac404b78b7,Roy Stewart
8bc82f6c-a87d-436d-812a-6e162ea62194,Casey Miller
b0b46361-17d8-4a3b-879e-d3eb1202fc3f,Victor Hall
57b68124-962c-4a11-acdb-541703965cc2,Andrea Callahan
368ce59e-c97d-4265-82ac-49cfad2eed72,Christopher Hall
c64ccd01-04f4-4348-b8ed-4ab9530d94a2,Tina Collins
95b93715-da1f-488e-b804-19f6230a05d5,Hannah Davis
fc160748-6f9b-4628-b2fe-814b4b5ae58a,Brian Johnson
5a3f02cc-bc00-4218-8dff-5bffe9497880,Matthew Stewart
17090260-848b-45e6-85ba-37a3da871846,Theodore Anderson
d61a0f5d-41bd-4092-8062-55e9f7a7c64f,Julie Robinson
2b625d21-c941-4b33-b0d0-7600ddd83c12,Christopher Ellis
ae094533-db78-4555-b21e-405c1202b9b6,Sharon Sawyer
f017a1a6-19c2-4e8a-8243-41cd92b1dddf,David Grant
8c8a4893-8862-4d7e-a799-3d973ba8a105,Christina Roberts
271039be-6110-4335-a40b-8067d2ef285a,Patrick Richards
81120d1b-1504-417e-833e-a117d9e1d364,Benjamin Gilmore
3163f999-cdeb-4b10-8a9d-57716a9280a4,Michael Ball
6c6df5f2-f4d1-4af3-879d-9335352b2f82,Erika Phelps
663b2b5a-4834-4ce5-943c-9e8341893a4a,Pamela Peterson
45dc2589-e18a-4ff2-ba92-4d15d80dac11,Douglas Hill
030f44ad-e64e-4cb8-be72-5f2d185175f4,Christopher Cooper
efe706c2-a364-476e-a71e-eeffa508ba6e,Melody Wright
20875397-b3d4-4bcd-95e3-f897e8e08a9c,Debra Wolf
3f0638d5-9d82-4613-8866-d3e6aabfe6a9,Vanessa Howell
d484a70e-b32c-4033-a84a-16fde42fc667,Brenda Hall
bd5090e6-d30f-4951-b21c-aa99dab10579,Anita Pierce
f41079e7-d487-484b-ae3b-c858d309108e,Brittany Brown
90c392b6-d223-450c-ae33-ee4c9f27ffed,Leon Oliver
11349f8f-254a-4130-8d2a-cf0755d3aaee,John Anthony
61ead61d-1d25-4304-9364-b885bae00759,Wendy Ramirez
b251d415-aa51-4c01-b1ee-0f79c5c8f411,Amy Andrade
09e2062a-6402-4e0d-83de-aa699fdccca5,Brandon Parker
270a8ebd-65b1-4829-a76a-c2d638653b4f,Elizabeth David
93cbab1e-af9e-419e-ba83-38557adcc034,James Walls
7878115e-617f-42cc-a8ed-af8f83bf2f88,Nicole Curtis
fcf83e1b-8db9-4bfd-a127-2065253929c2,Johnny Ryan
8b77aecf-18a8-4a57-beca-0358e525c622,Lori Williams
50ca0b5d-5edf-4514-bb13-b6f8ff346a82,Christian Fernandez
43a7dd93-e07b-4d20-9bbb-115163291b3e,Kaitlyn Allen
4da7ccbb-0812-4520-a081-d8ba5dc48f69,Christy Rios
8b165875-e3fa-49a6-96ff-f5b910f84688,David Hanson
19d15a1a-88a3-4ece-9ad6-82d1a186e0d7,Richard Lee
880a6ccb-6475-4e44-8334-e34634a10ab5,Sharon Sims
e56fce92-21fa-41ea-86f1-ecff9fa264d2,Sarah Hunt PhD
86a92acc-a4df-4d19-9710-a5a49246d7e1,Andrea Bentley
cf7ba6eb-7347-45e9-92b5-47d4007e1d98,Tamara Hinton
e4a9112c-76c1-4861-b196-13c79ded3338,Julie Dixon
7174d940-21dd-4cbd-9f39-1a7079dc2aa3,Diane Nguyen
e0f8c063-a6c9-4417-b662-5bb086355dc2,Michael Conner
0d06c329-93a1-4462-8612-c45b98f42d00,Laura Hernandez
822f144d-d7f4-4068-beed-0fcff45c7604,Katelyn Alexander
c24db9b3-9970-4936-8ce8-38fde3ed9a8d,Kathy Harris
02b8f812-9da5-4117-a613-a12bacab6911,Angela Huffman
9da9f120-2b6f-4cb9-b38f-194db4bf0bd9,Shane Yates
da21590c-df39-4605-850a-9ee813c304f2,Sara Henderson
7817f414-9068-4cb1-9f65-074f1da598ef,Ann Yoder
1a8f989d-9d56-45f1-950f-f50d226d05a0,Vincent Clark
24a1f577-274d-41f1-b1c4-0dcd2a7bbd2b,Haley Obrien
3e9e67ed-dff7-4f39-9744-794af3862d81,Wendy Bowman
0f041d6a-6f83-4909-a6a0-3d26c4dd79d7,Daniel Edwards
01c452b8-1a2f-4090-865f-d1d19e324a34,Calvin Mccullough
f816e778-1732-4b76-9d08-94616fe7003c,Crystal Mendez
13f42479-34fe-4643-a0eb-74c559b402a7,Melissa Wood
97333291-3e31-445b-8e86-0b317dd21f37,Mr. William Baker
2ad7cfc9-ef94-4f30-922f-18461064dd86,Rebecca Jones
435cffcd-ad62-464f-80fa-547423fe7b8d,Joseph Fletcher
a22a92a2-a939-4eff-84bf-210c3d889915,Traci Maddox
96161d7d-7cc2-4545-a28e-4e705c2e323e,Ryan Watts
d8535d57-76b0-4cb3-9b5f-b93772c6fea7,Carrie Wilson
cc088ed0-13b8-442b-bac7-ff3592d8b450,Casey Martinez
28454afc-5c8b-4f9c-8c7f-b8bd5003e156,Alexis Mcpherson
f1e00774-faa1-4620-86cf-f3f0f3950cf5,Richard Hayes
13642592-9e72-4bc4-85e4-4f3f643fa723,Christian Schneider
b8a38245-0d45-4a2b-a129-edb557505b12,Eric Schroeder
a0459d3e-c411-40a2-b570-ab7eb5695417,Daniel Jordan
de796b15-7b73-4029-be48-59eb041a7814,Robert Torres
199815ce-6d92-4453-866f-2a1eb6df8e4b,Larry Gilmore
118ddc28-cd40-4c72-8c4d-48404f3da50d,Carrie Russell MD
723fa3a3-ca04-4fec-b8f2-671e1c23308a,Louis Walker
342efe5f-72d6-4f1d-8905-2f9936cfc76c,Joseph Adkins
ebaa1ca3-dcfa-41d2-b72b-c70f60e77db3,Paige Lawson
120f5044-99d4-4dbd-8904-fc6cf196c275,Chris Graves
ce22e6f0-75ba-4e38-b38f-98eb2e3baad9,Carolyn Moore
88869333-add7-4550-864d-3c4793664ff4,Kevin Graham
c147971b-94bd-4375-bc3a-28097ce300c7,Dillon Flores
a7c44033-8cbb-44a4-b55f-f6e66f6887a6,Michael Dean
2c58fa29-c3ca-4c81-9246-1bccc8186ab1,April Curtis
82bf6631-d45f-4da0-a114-67b81f71be84,Samuel Washington
dad4f072-3a27-454c-b7f0-54553bab9f31,Jennifer Singh
95a4a699-2fd4-4fbd-a193-690b1ad91a9e,Mark Barnett
81376b85-d90e-4655-95c6-ac8d5e44f527,Michael Cobb
7b83e716-7778-48e9-b89e-1bc843267fab,Bradley Shannon
6bf1055a-e9d0-4bd7-b68b-c5a7ed7238c9,Lisa Martinez
5bd6ea66-4a3e-4f7e-94a3-91393aa10419,Ernest Bowers
828129c4-9048-42a0-9a4f-06c6e364bbd6,Sandra Dixon
f28a19e4-ac57-46c5-ae12-af300ffc0bfd,Rachel Watson
0d49c258-da8b-4fe4-8c63-2e58413072e9,Sarah Smith
04503d34-5efe-410d-a56c-24354175ad9b,Anna Hunter
b824562b-80f9-46ce-a295-2bdf6f9fe115,John Fischer
8b44ce16-959a-4a78-910b-1df80e5a5904,Karen Garza
8e62c37b-a933-4309-b2a9-06dd5ca319dc,Lydia Khan
e436bacd-9986-4b28-b243-c0b0abf14c38,Rebecca Torres
a38c52b1-647f-40b7-a83a-76d885707519,Jesse Moore
1938b074-d6fa-474f-8158-7929762343b9,Garrett Black
3129f8ac-2b26-448a-b09d-77c987f3adc1,Derek Cox
8d1b4a92-30d5-42a7-af45-bfceb6c3542d,Erik Gordon
c2c23861-7e8c-4146-a86e-3cc09ace75a3,Stephanie Williams
c10ddb6d-7117-47eb-94b8-07ec4aac2080,Shawna Hill
d321d97f-3a7b-4da1-8e85-1d678fe5ce7b,Julia Henderson
d55924e4-5b89-4cb6-a997-01337ebab9fe,Emily Bishop
54c0ea78-4ead-46f9-9cb9-5a69c75d2e8f,Kimberly Jackson
c6f251eb-e7b4-41f0-bed4-b27e2f05e149,Brandy Ford
e55f0f5f-d6b5-41ce-9733-e9c7961fc7d6,Lisa Lopez
214b4a38-ff2f-41d4-9859-e483c36cc127,Dana Gentry
f7c33ce2-fd3e-41f8-8842-b8e174173fdd,Randy Lyons
5d5816ad-b1a5-4e8a-bf91-e8ed712f3276,Matthew Grant
537e8564-a286-4ac5-b128-b94ccb9a013a,Michelle White
72be0976-2476-42b6-9a59-c731009bf611,Ashley Mcdaniel
5fed139d-3968-4395-b8a8-ab1f674ffd60,Jessica Robinson
3fa46c65-98c0-4726-a21c-2f865a791fa5,Keith Phillips
29375461-7dff-4ee7-aeb4-d4d939845c68,Rhonda Gomez
ce32b217-deb0-4c0b-b55a-3780164b0284,Justin Chambers
e00f2a1b-c161-4b7a-985e-7749299ff4b9,Ryan Mclaughlin
d25d357c-3b87-44b8-bd06-8e03d4cb8765,Michael Acosta
f7cc2cd7-3b40-4b6d-9c61-fe20d089db21,James Jordan
7a7f339e-ffe9-4bc3-8417-49732d0cc2a5,Melissa Harris
3e1f540f-bc19-4138-a655-c3875488e201,Susan Phillips
3a9dbcad-5143-41df-9b5f-cd137b81bd02,Derrick Brown
c239d5d8-cb98-4802-814f-93034e8bd60b,Kaitlin Hall
0cf04a2b-cdaf-4b0c-ae06-e695967bd705,Zachary Holland MD
2d90b754-3d91-4d14-8296-503ec0b8c07d,Kenneth Lynch
fa65b433-ddf6-41c1-abaf-9cd3603ae514,Stephanie Adams MD
d03e3997-d70e-45d8-937c-10024e3fe815,Karen Sanchez
f3050067-a2db-4242-8174-e4a588b55a9a,Amanda Nelson
c401a16b-e1b0-4f53-ac04-106caa58566b,Brad Hogan
029a0f0a-64bf-486d-918f-2c389880c621,Michael Meza
c43e5f31-beb8-4dfc-8509-63a3e7e885bf,Robert Lang
b8fd1f0d-68da-4e0f-b6d9-8653cd134ac3,Stephanie Williams
1abb0182-8b10-4150-b5e6-60156deb4052,Ashley Lam
a794e1dd-efe2-44d2-bd10-8d8d4364a575,Sharon Evans
91f23a33-0f73-47e5-ba1f-16c6ee5ccb11,Victoria Edwards
fbc2d552-88cc-4981-aef8-2bb33a65bfb8,Thomas West MD
2a2bc961-61fb-4851-a028-a56ddbc6ae6e,John Hughes
56bc7662-eb67-453d-92b8-3c0d8a1483cd,Veronica Garcia
b8a602de-7a62-4fd2-8407-14cf5efad13d,Christopher Brown
996dbf17-4896-413c-9377-7d3b7a325333,Nicholas Gray
10214b3e-e76c-4c30-97af-1d9e019e1159,Larry Ward
758c8de5-1611-4627-899b-32749f599dcd,Curtis Moore
c58d16c4-6a4e-42e4-9e28-c8567df829d8,Benjamin Thomas
109085ae-035f-4f9f-87ae-cd30031ea25a,Jennifer Manning
2193a92b-52f0-4fb1-b714-821c7f174dda,Connie Collins
06d0b434-08f3-489f-960f-7946565b49b3,Amy Wolf
88d4ba57-b8b6-43cf-8872-40e24d4bb1a7,Alex Rosales
278556b1-94a5-4110-8485-2a75fd755139,Eric Austin
428c3afe-5b23-4f0e-840e-0436f3f164ee,Monica Shepard
c9f2ea82-6d31-49da-9a1b-813cd6851b24,Scott Smith
628f8768-769a-4ebe-84ff-83bbfc523c01,Heidi Randall
b1da7e6f-c6cd-40e3-8f49-fc98eb997cb5,Abigail Lindsey
b36cf1eb-d902-4503-ad87-04c9485dbc17,Miguel Palmer
cb60ede5-0463-426a-a68f-815a587d534d,Alexander Johnson
f6c70876-0f7e-4ebe-96a1-99f8aa9d8f1f,Dr. Chad Chavez
774c2e98-6cfb-432a-9f3a-4d8304ba357c,Daniel Kelly
002fb530-01da-46be-bddb-15a76cba96c8,Sean Koch
dd351b1b-3d8d-4956-80e8-8a0290185fea,Brandon Roy
824b9d12-db17-4c69-8bcc-ab0ba05d73de,Maria Cherry
21fc5cd5-9034-4931-98f9-6d14f3133198,Angela Stephens
abd22b30-3918-4a18-b1db-621dc718a65d,Rebecca Rich
e606a49d-001e-4ad8-9bf6-11cb8ee91cbf,Jonathan Rowe
a8d570cf-e83d-4c15-9fa1-e6ea6fc611ef,Kim Moore
263f0fb8-0ebd-48aa-9120-d91879c78d79,Kevin Jenkins
7c1a890e-df77-4d49-8ffa-bce6c6d6174f,Nancy Austin
42334d40-4377-417e-9830-43ba7568fb3e,Caitlyn Hill
997c61fa-2546-4dad-a7cb-d7d398f9a74f,Susan Castillo
1974e0e1-5037-4067-88ca-d1044ae20a8e,Michael French
e59cf056-8cfe-426c-a547-1e342fb40f3a,Charles Adams
3f538759-a9de-4294-9308-259cb782a956,Jade Martinez
35851e82-a548-4362-9d22-c2015254874e,Adam Carpenter
bffc5d7c-d9a8-4d33-8505-5ca904df4e33,Michael Harris
aaff4657-3826-40ea-8aac-bb8d95c3f436,Brian Clark
431d57e2-b049-4d8f-81e8-86ef4aecb217,Alyssa Riddle
55be2eac-e57a-4015-9795-bc9e46b0a80a,Brett Allen
e3b54f1d-da74-40da-9545-d65fc4eb4b0f,Lisa Mason
f7db08f3-bd4c-453c-8e64-65edd9b57927,Janet Griffin
f01b593e-cfec-4079-a13b-146529484ec9,Amanda Hill
c158ea39-406d-4cc0-b9d9-93f2f2bde51d,Charles Oneill
cc25294a-53be-409b-825c-a3d44ad17820,Beverly Peters
49eccc56-95d8-4731-b192-5351a715ca41,Sean Carter
15a0db35-63ff-468e-b06c-0a62df7e6617,John Long
7d809b2e-afec-41ab-be6c-0932bca31fb2,Richard Martinez DVM
c06818c9-3319-4d2b-a41b-eee538baed8d,Robin Vargas
238c0911-ba76-441f-afb4-5e0f9a9e8b47,Allison Harris
25af1894-7d48-42a6-8dfb-2d8bb2d543c2,Harry Taylor
703ce944-0d95-4202-998f-0f88cd5b6cce,John Larson
25d137d7-ac28-4a70-a700-ad03187e7c8a,Kevin Marquez
b81a32f4-801d-45b4-8869-7b6970e13ff0,Yesenia Mcknight
bdade252-6d38-4188-b54b-381363ba8df5,Edward Bush
8ecbc0cf-2414-42de-9d8f-58c779f6713d,Charles Waters
c19e7c7b-84ae-49b7-b9aa-51d0886fc23c,Patricia Dickerson
889e9fff-ac6d-44ca-9283-0d8a44cf022b,Michael Walker
632bd6a3-5cc4-46fd-9ff7-8832bf2c88d0,Seth Frazier
b36544d6-f4a1-4610-8088-de9063da180a,Jennifer Richardson
818c20cb-174b-48ba-8b85-5f76a6d3f173,Michael Figueroa
88b76bcd-df91-428e-bbeb-a86dbc81f674,Susan Maxwell
2200389d-0e97-484c-a325-0f5abb2542bb,Ashley Franco
99b469ba-3abf-499e-b3c1-9cf9eaf54dfc,Karen Freeman
8920277b-f57b-4951-adcb-d02bba976199,Allison Oliver
790e596a-e121-4c9a-be3f-4077826579e7,Cody Gonzalez
d8bde2ce-36a2-44c5-bd09-fa93e0879b59,Traci Landry
54a59f54-8513-4917-873c-e900c92d4b92,Alison White
8d6a8611-a2f1-4c88-a31a-8a4b28393b82,George Bennett
940d89db-092d-4b6f-bda0-cd91dc4ddb5e,Christopher Schmidt
a6fca731-9125-4a29-9085-a8cbee4b204b,Jacqueline Morris
ab52240b-7ee3-4306-b8d6-3b8272028659,Katherine Griffin
d53995f6-5a9d-44fc-96ea-bf49eeae9328,Shelby Ray
7a7fd121-3f6a-41ae-952e-325bcc10ce1c,Christina Terry
5fa4e791-7ed3-4b98-b550-7c75e6dfb6cc,Vanessa Schmidt
ba3aae0e-e2b8-426e-9f43-7d60dab03bf7,Jeremy Hernandez
36e9fd7a-08e5-4161-a97d-5eb37fd46236,Ashley Johnson
59631965-9d75-4318-926f-fe8ce4f34dac,Tamara Berry
133d2410-0134-496c-990d-6afc51132c3f,Patricia Joyce
5031f0fc-5b7c-4dda-9cb6-f47479909f76,Christopher Kim
5dbc89c0-630f-4ff7-82f6-bb6fcd3e40d2,Gregory Werner
0b129b4c-72cf-4075-aa34-3514ce419bd5,Kathy Thomas
e8cb8d7b-3005-4b4e-9b02-33f0f113987d,Cassidy Gaines
118ecc2b-9072-4d94-a8c0-cf22f3c9f447,Carol Lee
1c753f7d-a32e-430d-9077-a881572a9713,Michael Lucero
962b624f-6c6e-43a2-a9a3-46ee6291f518,Lori Butler
78dcad00-bc32-43bc-bb76-fc9d8c926ff0,Terry Obrien
a28998f2-c20d-495f-88fb-8c143fd652fd,Patrick Shields
0bc1b685-05e3-4170-b412-2c82f1353260,Michael Welch
ad2b7914-1967-40f1-816c-bb95a47f7592,Amy Farmer
a8eeb93b-a185-4423-87f4-7a1c1aca5f1b,John Lowe
623834c7-d9e8-4610-8bf1-23be02f66bc2,Tracy Garcia
5f94714f-5729-4eb9-a572-c2a1a538796f,Justin Duarte
47915edb-1238-4f4c-a776-95c8f74feeb9,Rodney Gardner
5526a1e5-291c-418e-be65-e39d2b69ac13,Lynn Ramirez
73ece7d7-ca95-4b84-809b-66f9c911f540,Tanya Anderson
43fa437f-2f13-41dc-8f62-d3c73508a169,Brenda Dillon
6c6cf1e8-5dd3-45ab-9165-f285302efabe,Stephanie Evans
fecdaed2-91e3-43fa-a62a-80687afed88f,Julia Sanders
63de31c4-be65-416b-a84e-7a6618a497bd,Christopher Robinson
70ab290f-045d-4c08-a314-fa1beca040ab,Mrs. Megan Scott
dd0364bc-e8b2-41e7-b96d-8d02d41a8123,Dr. David Murphy
4729420a-ed09-4777-8341-97116544007d,Jimmy Bridges
16fdbebd-f8e5-4f33-974c-23a89e11d131,Matthew Schmidt
b3eae5e3-21af-48d7-9df4-c0779b14efb5,David Leonard
733ce481-3899-4810-80ed-ccf53d55c2f9,Mr. Jeremy Cameron
a1a9af28-b97c-4f0c-8c4b-0c660a949e61,Gary Kirk
bafe836d-ee22-4f6d-b401-524cd6e2b94e,Jessica James
ce27e8ee-3b2c-493f-bd14-68188e1fad17,William Oneill
ba7a35a3-022b-490f-ae46-0c9c8fe18cfb,Vanessa Coleman
8eb8dd42-668c-474b-a49a-4075cd208e8e,Jeremy Shannon
12b5d178-c23d-4144-a148-3444dbd8f3d0,Michael Gallegos
8934090a-6461-4657-a397-8557556873bc,Alexander Garner
0f885fd6-f6da-418e-9fc3-5bd06f866908,Brittany Reed
3ae121d8-d2df-4ba9-9b00-6e337e30e3b1,Michelle Sheppard
eefed8ee-f69c-49fe-8196-2295f3328856,Adam Rowe
3d38ecfb-0429-41e2-ad97-e8c164d45f69,Lisa Townsend
8eb7ab62-e700-4950-977b-1ccd0cd7715b,Mr. Brandon Thomas MD
714c1647-b060-4d3a-894f-68b35a396279,Kristen Mack
61e19857-140c-443c-b2f7-630a5ff74483,Ruben Bennett
611355da-4e03-453b-a113-ebd6edf0beed,Michael Steele
7ef91a19-4257-4754-b8e9-20b5eb972154,Erin Flores PhD
6408ca65-942b-4992-9a6c-174c498c026a,Natasha Wright
1d174113-40b7-4435-bc24-8cb8b607cd8e,Michael Briggs
69f59553-6dd2-44a3-ba83-57bf2a70647e,Carlos Leon
57279574-7e19-4022-8bdd-7328a712eb1a,Jenny Harrell
48959db0-d867-4c59-87ec-dc68f72f2089,Julie Fuentes
ea5f9d34-e6e8-41b8-ad20-2944b32b3439,Erin Baker
2178c413-4576-4081-9163-cf0de434135f,Amber Rush
ff72d417-9fa7-40ec-9c23-0bfddb7b2196,Veronica Farmer
88fb7106-2f51-4b99-a94b-61fb78bcb34e,Sarah Smith
efbde070-ea75-49a1-a59e-fe2d136a3722,Charles Allen
7867f977-0d94-442c-9572-73c4b06a4c9f,Douglas Coffey
53bf8786-4236-43c4-9b96-8f521f153539,Nicole Russell
1baa2ce3-3489-4fe6-bc6a-c5bd50ce6f97,Paula Mcdonald
116509cf-3728-4bfa-8ff8-c8c1d96d9e3f,Courtney Roberson
9507cfb6-2d03-41c7-8962-2f9198b44ff6,Deanna Kennedy
2561fe73-131f-4df1-8640-1aa9fd14b433,Brian Sweeney
007a1de8-fbcc-4459-b45b-54287d00f78f,Brian Estrada
c1f1ba6c-18e8-455e-ac39-6e27c96992b8,Paul Barnes
f9119451-5701-4506-872b-6ded754f69aa,William Hodge
10205a9b-9cb5-435c-a332-fe7e0f86bd52,Timothy Evans
26ed8c7e-0558-4c5a-9c48-146084fb4a78,John Phillips
c6fc81b7-c421-428f-94bc-bc6a583f3300,Tracy Santos
ab46abb1-3a5c-41d7-889a-41dbefe1e6ce,Robert Everett
52269cc2-3b24-49e5-ad3b-b5ef241aaf2e,Joseph Wilson
22dcc071-9885-4312-bd76-05d81759dce1,Natalie Hatfield
e05c6ae2-de86-4865-b9d8-20536352f07f,Samantha Ward
9235a4b2-9a30-447c-bd60-e743e1f9065b,Amanda Harper
bde20b9d-1e58-479c-93b4-8d83e5e7ef8f,Katherine Spencer
2412a1d8-e799-459e-833e-63d5d9e1b7f9,Rebecca Roberson
8833de98-ce11-4944-a788-989a9f4d6476,Paul Perez
390cfd6d-d4a7-4245-9da7-732d3e270420,Tracy Powell
3e9f5f06-baed-4acd-8e9f-75356ba677bd,Michele Moore
fa0b9b2b-ffc1-46eb-9a06-befa3c8297c4,David Barton
30010bb8-2752-4d07-a7e7-7a0048aa930a,Jessica Bauer
ff7b8b4f-ffee-470e-9707-58934b2d0428,Dr. Maria Moreno MD
c9bb7e02-c5ec-445b-8742-7c633aaa6770,Scott Webb
78559895-b8d8-4433-87ec-caff5433ff35,Gregory Wyatt
9f8ad3e0-7f79-4e4f-8ce3-67431508b2ac,Courtney Lee
a910a3e4-d32b-4f22-b1bd-a8da59578242,Shannon Baker
e6246100-04a8-410b-857b-939ecf7c8c9b,Rachel Sutton
4e9a6c3d-0757-4cb9-ad37-5ae9d2fb44a3,Ryan Davenport
135e34d4-59f9-4e66-baef-3565da7b64a5,Tracey Larson
413a7c48-1f84-4cfa-a8d6-6932b514dc25,Taylor Smith
71ecc811-90d6-40d9-93cb-b61e953f12ae,Maria Macdonald
61e8d72a-831c-4c4a-ac7f-201a35ccea36,Kimberly Rodriguez
e9f1ecea-be7d-478f-9d4c-4c3da362bd4a,Caitlin Vasquez
09bd6785-5041-4ed0-93a6-fbadf80ab9f5,Edward Mclaughlin
6d681a68-63f0-4503-9145-d068bfc6f532,Jennifer Cantu
9ef3139a-a084-4482-bd7c-388a88685124,Cheryl Wilson
236d67cf-cb84-4d38-a626-924f88850911,Mary Alvarado
aed09349-674a-44d1-ba6a-01b82ab37dd2,William Trujillo
1f5a62fc-f55d-45d0-b521-737c422ccf3d,Darren Weeks
178b1c3c-3c1c-4521-9d28-2521c6d0c38b,Dylan Smith
4ff7d100-e225-4e46-9dff-4cec8af286a7,Christine Gonzales
c0226e42-5ec0-4615-8bb4-57b9ed64e874,Kelly Lopez
24da1c4e-1018-4200-8f36-51208e0d2bdb,Daniel Chapman
f32e95ab-c17c-480e-90d1-61540ec2325d,Jose Cook
e94e0d48-7f5b-4f62-80d2-6e2ebcac0ac8,Adam Reynolds
39ed3aa2-a608-45ec-8bc3-09f339da51f4,Lydia Williams
2cce4a96-ddfa-4359-bc4d-e51137c82f4d,Emma Harris
35803206-8452-4c0e-8841-d03604f3c50f,Brett Brown
d24ce41f-9bf3-4ffb-bb76-22f440a872c6,Robert Mitchell
889379eb-10a9-40a2-84b2-0cd64ec8b34d,Brittney Bennett
593f57ee-d59d-4c9f-a6d7-774203fea6f9,Dillon Coleman
b3b104d9-1da1-424d-8d8a-364c38099666,Daniel Nelson
877046f2-3fcd-42c4-9a40-f87d3f23c256,Terry Welch
6a4e7779-f9fb-4197-955d-07f2966a483e,Robert Allen
e26a98b1-a2b9-4d1b-8b40-7ecfb441e872,Sabrina Black
8d2744f9-5751-4fa6-97e1-268522c008fd,Jessica Cole
e429cf03-e2bc-48e8-987c-5640c109a14e,Tammy Green
19b07339-5981-42cb-9f20-c601a15dd221,Brittany Peterson
50d50a71-082c-4c92-be80-db7d00043493,Cynthia Martinez
81731d8e-f0a8-4371-b346-df87e2b1b624,Stephen Solis
fe230118-7ef5-47ff-92bf-ffc768882ee6,Jeffrey Cannon
e208e2a1-54df-4e39-992c-7b6db50f8c3e,Shawna Knox
55599e3f-375c-4694-9ad4-9fd46d3cbb85,Melissa Webb
a5e1b5e3-c1de-46c9-8da2-0cadc5a072f7,Derrick Black
d985395a-32e7-4cb9-af40-307523409213,Emily Parker
ac8f44ac-bf41-4f61-8849-efdaa725c44b,Clinton Knight
fe3f725e-9b36-44fd-8533-72f48d3cd251,Johnny Ward
b7c123d4-c14a-4594-9870-0ef46e168203,Clayton Brown
a40f230d-90e8-4640-b6d7-6a009e30555c,Ronnie Hammond
5a5f1d00-f31d-430b-a82b-0b059fd46757,Dr. Matthew Brooks
ec697900-d5a3-43a8-b1bd-862f23976567,Judith Swanson
c051f5f5-1cf0-488e-8824-488f610a4fcd,Thomas Martin
e490dcd3-f49a-4514-afdb-20d7ae51e2c5,Sarah Robertson
d2206cca-49a4-4f08-8e09-376fa5c016a2,Austin Tanner
1195cd50-9ee2-49a8-93ac-dfc5518bcf79,Theresa Pennington
913aab75-8361-4d08-ba6e-f15f19c3eea5,Jasmine Knight
200efb21-57b7-4b9c-807b-9366ed34fa3c,Grant Poole
52849740-542b-4447-b923-1cbd17caacf8,Lee Hill
23b69fb2-3b39-4baa-9ee9-63bbef5257d8,Victoria Cameron
b5a4310e-3141-446f-b4f2-6103adf3d041,Emily Dunlap
51e81d34-efda-4dd5-be51-6d2b6c63a5d6,Amanda Young
39d4ccfc-61d6-40a5-a9f7-8b16a8e4b6f1,James Mitchell
88dda909-68e6-4e44-b2fa-7a14d7ec20f5,Emily Hall DDS
116a63eb-b41e-4356-965f-07400f878b74,Michael Mills
fea6a402-a44b-41f2-ab7b-fe25b6fc0023,Lauren Ward
71a755e0-1075-49b6-8203-b795b45d2d44,Vincent Rogers
c6add3a7-faf3-481a-b36b-ebfce5ee0878,James Beck
22dcfcd5-3bf2-406d-8a65-3e9b9c3c0573,Mrs. Karen Martin
ebc5d6bb-2128-4c5e-8216-ed88cca7f616,Michael Gonzalez
52e2f5c6-c069-4332-9197-852665a6cbf9,Shane Barber
02c01b98-8bd0-4a2d-aa6e-768f5f4ba38b,Sara Spence
7a663faf-339f-4f55-b9b0-6608321e397b,Savannah Nguyen
45e1cbb5-e14d-4a51-a8ae-fa3ddb0b960b,Audrey Marshall
d9b30e94-f8d1-4188-83bb-c1798fbace49,Richard Li
4c4821d6-b08c-40be-b7d8-4d9dde2fe2a2,Christine Miller
5fad0572-5b96-428f-88d1-4e746895fb9a,Melanie Riggs
5abc2915-3e2d-4b5b-967e-37a20b2510c7,Sarah Yang
b91b7e7d-d488-4f1d-8f32-17ab7136a60d,Stacy Lyons
3b0fa5e5-39cc-47fb-80dd-83f4bb3d8804,Hannah Ross
2cfe08c4-1bbe-4c2e-9949-f274833c55ac,Dr. Lori Nelson
fcbca423-4413-4a7b-bd57-faf727ea0a83,Mary Ellis
0372d889-4b9a-4a8c-aafc-6c047a9512b1,Eddie Brown
5a5820af-36c1-4a00-9be9-2712e7d1d941,Tiffany Zimmerman
69531dc0-2ee5-4f21-b50e-db5f35304855,Mary Harrington
f65cad91-4ddf-416f-aa61-c4fae9cd85db,Charles Edwards
827f70f7-215e-409f-a88d-6b430fcde348,Carmen Arnold
c77126fe-8cfa-4fe3-8817-8619a985e9d3,Samantha Humphrey
d8befba0-ec47-46f1-971c-ea5862755829,Alexandra Cain
c4b0272b-fad1-4b0e-9ca2-51a11ee22725,Joel Young
76814077-5e74-4488-959f-06c8b84822cd,Stephen Acosta Jr.
36a4a4a9-63c5-4550-a291-79f2708954bf,Fred Gibson
5559e116-2b26-45d6-8fd0-9c101c72ca8c,Sara Martin
34ca3b94-1d1b-4be7-9c98-6170562ba3eb,Amy Dixon
f8be12a6-b880-4ef5-a47a-0d446625cd47,Amanda Castro
f9cc1fa9-3870-45f8-8e9b-a7535762be2d,Julie Johnson
6d63dd50-05b5-42fa-935f-616d41bc6138,Amy Mitchell
719a9cd0-8a7c-4a7b-a64e-ef7aea90553e,Victoria Parker
d7d5e109-6b30-4a2f-bec0-2e97117ee4ac,Steven Walton
56756eca-da55-4ce0-af25-f54d55d290e1,Amy Johnson
742aca89-e835-4b3b-b54d-37d93955f5d6,Joshua Smith
3e010284-e952-47af-95f4-92491438d928,Carla Jensen
8ecf5f0b-b79f-4e1e-b62b-275be268a2d2,Eddie Glass
c6b706c9-8b4e-4c80-aac3-dfc11a9bfe35,Sabrina Brown
75ff9ede-1362-4a73-82ba-f11d048c8bbd,Andrew Hicks
e36d93be-1d7f-4a30-a973-1160ec15c755,Chad Willis
b11ac311-b36b-47a3-a15a-d5e735628d4f,Gina Bradshaw
feb7405a-1fe1-44f4-84ae-68a4584c6720,Margaret Hart
69413593-efe5-480a-bc4f-39ddf1c5aa57,Kimberly Morris
0e09fd60-7f86-4444-9118-12e3c293d49f,Jessica Lynch
6d0c3b36-6dfb-4b22-b524-2959c083198d,Lucas Fields
a5e26d45-dbdf-4549-a72c-2ccbcadae11f,Michelle Velez
1c111c23-ef80-4851-ad8f-0e6ad14f62ba,John Kelly
9f7048c4-93cb-47fb-ae61-1acf8ae6eeac,Caleb Wilson
5df5765d-a65c-49b7-a28b-9d39b73b3ec6,Jessica Hernandez
d7d1eac7-c160-4d00-992a-a13f85d8ddac,Melanie Ramirez
b3c94844-542b-40d4-9bca-3182d3ebc1fc,Richard Jones
11a09e54-c660-4bd5-9229-10554288f75b,Daniel Smith
43cfb264-6e4b-452f-9da2-e235035c6cf9,Omar Reeves
80b299fc-a961-46aa-8a26-abca3e966243,Elizabeth Arnold
6a64b7d3-f963-42ab-9481-19cef321c23c,Stephanie Navarro
df91edf0-56af-47aa-9b0c-3cd8f44dbb37,Jeremiah Sandoval
5401d10b-2ed3-4d06-a097-499857f42ecd,Carl Tapia
9b32062f-2d35-4835-beb9-6f14b398ffef,Dustin Martin
6986182e-4953-41de-a2ea-b8731d67cb88,Joshua Simmons
fb07e686-6295-4379-a82b-58da224203ab,Edward Young
cb9a884f-d410-46ff-8289-a9567351b2e6,Mark Jones
2e263602-5dac-492d-a4f3-5ae357d51198,Robert Dillon
c6b18620-0ac9-42a6-972a-15cbd0ae8d21,Janice Bond
2640f708-1324-445a-b86c-41d03729f21b,Teresa Campbell DDS
df396077-56e1-47ba-baf7-75d9f1267afb,Jennifer Castro
2756c302-e8f7-4165-a87a-9e43c1a0105a,Ryan Nash
1e6ced1f-d093-433c-a0ed-25d6afe8bac5,Daniel Kaufman
f44a9c9f-4b5e-4fe2-a6b2-0fae4c05576f,Marcus Wood
ad166e51-0a8b-4432-afda-611e3709297b,Brian Mcdonald
b0a33397-5e18-4546-a4e1-5be21b5172f7,Corey Francis
e5af13d3-7de5-46a3-991b-b14b84dbbdc9,Emily Bennett
0c9faaa3-c09e-4223-805a-35913e249ee2,Brandi Douglas
8bc55118-c764-40b5-a0a2-76b5ee53222f,Mr. Robert Wilson MD
a9fee02b-4893-46f5-946b-1bea65ee3066,Jeffrey Joyce
8fcbc151-be14-41a0-9cfc-5dd39f7b9e8b,Andrew Rosario
f40654e9-bd5e-4857-a0f5-0f118f81e803,Teresa Murray
282a083f-8df6-4a2c-8837-fa71102d02f2,Amanda Watts
b0181e69-d79d-4369-b223-b7846118e12e,Tony Murphy
63234cfe-e108-449d-af53-c36f4427105c,Natalie Johnson
491b058c-8eaf-4b66-9c9c-b0b1b0cdccc6,Cody Vasquez
c3322f4e-d9f9-43df-85e5-bc8556aef15b,Walter Richardson
6446363c-6eed-4d4c-a78f-b21db432a614,Chase Rogers
8d052dd9-aa9b-4f6a-9897-40f2ea89d788,Sandra Crawford
e1357d36-2fe7-4609-87ca-ae9fc41b5055,Daniel Greer
3c4a338f-8fa2-4099-9946-f91aa7c56b81,Sandra Farrell
e13b08c1-50d8-4813-8157-87e11c2a29ea,Troy Lynn
720c9f70-c166-4302-90ef-25a70f50aca5,Wanda Diaz
27d2872a-d131-4657-baa7-f0fb351a7442,Laura Mccarthy
35ce2c0d-3042-4a88-8928-302e41e20b22,Kelsey Walker
ade0fd38-2d0c-4011-b23e-a561f5ba5cf0,Joseph Pope
058bdb18-959f-415a-95ac-d152b9690bc3,Peggy Martinez
f63f5717-afb9-4f34-8b18-ec36ab24ac53,Erin Chavez
fe2b2901-76d2-4787-ad99-3fc609982154,Connor Watson
1324d2a5-2892-41bd-ac4a-eab8c6d6fb3a,Miss Carol Garcia DDS
e111253b-5eaa-42ea-a306-70ebab4ef877,Jason Parker
83660415-9bf7-42e9-ab9b-cec115fbba62,Linda Snow
a4997d00-5ae6-4c3d-b719-88b2bc468da6,Brent Conrad
0b9d0f7b-0a71-4c53-b251-5e693239de23,Angela Roberson
a83d2c3e-1f3b-4dc4-967c-970509df13f2,Hannah Anderson MD
aed1209b-950c-4091-b8f4-afdb086bd405,Christian Young
66d96bbf-84b7-44bf-905e-ffa71120e8c6,Lawrence Ochoa
187693a6-4a0c-4dad-b0d7-dd0b7a2ec3c1,Jeffrey Durham
f88dad5f-1251-492e-b495-d63235309308,Linda Carlson
c2262be9-adb3-47fe-b86f-36ccb806c81e,Sandra Gordon
7db26149-51d5-4749-8795-71bc15ba52ca,Linda Johnson
eeba024d-d834-40e7-873c-21b2cebd5889,Cheryl Atkinson
2ee010ae-15cc-4985-ac0b-d2150534f0b8,Robert Kim
78875abc-70df-4e48-81cd-fb03fc691f13,David Nguyen
f3d6c074-271c-418b-91ea-eb0332ab6705,Christopher Townsend
8fc12492-70d2-4e61-8f73-0c96912f4a30,Ashley Anderson
ea7f651f-50cf-44f7-9ca6-afcbb1eae4a1,Michael Khan
23a73e34-4576-43fc-b372-41eab94c4d00,Timothy Clark
00910057-9958-46b5-ad63-b3a6cecb4046,Christine Waller
05e682d7-efde-464b-84b1-ef651c94d1cb,Jennifer Robles
670a1497-27bd-4014-9746-8a77e5efb864,Christopher Haney
be5d2719-1079-44b7-b600-f1c08e34eb88,Todd Bautista
7362a900-fa1c-4a4d-96ec-986c29d5bc8d,Elizabeth Snyder
62128c3f-6251-46c3-886e-76ca89bd7e7c,Alyssa Martinez
aa3a6e8b-5e14-48dd-9a0b-47934ba3af27,Dana Simpson
0b904714-6e06-4afa-bac8-096a29f4e022,Jason Ashley
0ebc9ac7-436e-43ec-a6c4-7f0badcca339,Donald Smith
d0d10ae5-f8a3-4254-8221-e9dc97831067,John Lowe
46c1e4a1-a402-473f-a59c-1850a9358c8f,Molly Kent
9cf40348-584d-4f78-8b70-39a2ce6d1681,Megan Faulkner
9df966a5-889f-4bed-b1bc-b1a61ce82a4c,Margaret Roberts
dcead4f6-c337-4dad-be19-7280318b298e,Dennis Sims
9d8ee579-dc82-4e6e-be75-a8d832d6462f,Charles Pineda
5e759f81-220b-4847-bd32-bcc12eefc8e6,Cheryl Howard
e9b1b297-83fb-45d4-b550-9bbbfce298c4,Kelly Miller
3714738d-4060-4bce-8abc-2639a81dc9b4,John Evans
312e9c2c-84ea-4fcb-932d-a748883f552c,Brendan Rodriguez
0fe8dc6d-9d80-43a2-9f1b-8c53c59cd435,Ellen Henderson
db107000-cfa3-48c0-b1b4-8c788da49609,Alejandra White
23977125-9dec-4380-bf42-cbd07277aa56,Brandon Alvarado
13b7ce93-a228-4c36-89f2-af681dfb30e0,Diana Taylor
ff7c4db9-948c-4674-a794-b820692b40f1,Joseph Smith
4c7ec75c-914d-4c9f-aaa0-e40c0a037ff1,Regina Chen
3ea89f49-e242-4b10-8ff5-8b8169ff97b4,Dr. Alex Butler MD
aa6a56cc-59a5-4efb-b9a2-80c1d018c52c,John Wilson
d4c28211-e493-4f52-b505-400d1f4abc76,Linda Contreras
05161f25-be00-4bb5-a475-26b00382c84a,Shaun Berry
24292755-b2f8-412f-b53c-0ad0932bb712,Robert Carter
4a5dc96e-58fc-4793-8b1d-a1705501c04e,Teresa Summers
88c40d4c-d214-4069-8bbf-694231fc8d14,Ashley Ross
7392df6a-a08b-4c35-9d9d-19e1c2698a64,Heidi Branch
431e7a45-402b-48b5-845f-6db077dccd4c,Colin Campos
26d7ba17-7020-4550-a1d0-e9b5bd2ddfdc,Charlene Robinson
b7691c9b-fe78-420a-88bd-1fc15f482296,Nicole Smith
19a989c7-daee-428b-ac1e-871384e6f53b,Matthew Zuniga
929c6dcc-b20c-4f44-bc92-5d1114738d48,Corey Mueller
0dccd7ec-2d6a-48ea-b038-655f95487b70,John Nguyen
f1914640-7ef3-4716-ae4f-edb69eeabdc1,Kathleen Rivera
6cb7622f-7d11-4cb0-90fb-8d4d100d6cd7,Kayla Brown
e59402db-4201-4c6f-aa04-44e397b01381,Pamela Lane
b138babf-f702-4a6f-b3fe-c48be0a4ae69,Catherine Robinson
03f0cb98-a013-4351-9437-098c85f649d2,Jody Valencia
0123442c-a4b7-44b4-8ea1-d7461995fe3c,Jeanne Morrison
4434c242-deb6-4db7-8297-b581412a9bae,Elizabeth Lynch MD
51316a29-1a9a-45f1-9026-04859af8ddb7,Natasha Johnston
3d6dc708-69ea-4be6-9351-de3e4cad208f,Courtney Martinez
539996cf-8634-4a83-a549-fbff48fb4f5f,Kevin Tucker
b0127d2a-c9a3-426b-b2a9-a7e9f3227d35,Nancy Rodriguez
0a495e39-f7ce-4593-9a11-ca88f8981a0e,David Baxter
31d48a66-4afe-4776-9e6a-a3d3c9ed9f76,Michelle Anderson
e87890d4-9b63-4667-8a09-118891cdfd4a,John Lowe
fa19e869-2169-4a4d-9dc1-c5601d22e4ef,Donna Crawford
17aa35dd-56e3-48c9-8ce8-ac2420aaa448,Chelsea Schultz
3ca2278d-448e-4673-81ca-3bf88302f234,Maria Cook
bff376e5-fd04-43d8-8ce1-b17681be9804,Brittany Rodriguez
6b131ef8-65db-4396-9a81-9434a1513b25,Gilbert Kim
84c8393f-a30b-41d6-98f7-fec952a11c76,Matthew Love
a3d021c1-eabb-40ec-9753-f3fdd14149eb,Michael Williams
a1d9c60e-09e8-4cdb-b3df-ae5384215e60,Amber Franklin
05a64d93-fa12-466f-8111-b9c3982fbf42,John Drake
a4a3a0e6-93a4-405c-93f5-42c99180cdd6,Anthony Murillo
8b8466db-8a3f-4f11-b032-ba5db1f1389a,Scott Reyes
7c26db27-7bca-44b8-8b21-2bac94b0f6c4,Gregory Anderson
e3364161-1470-45fc-8dda-21ac5e3a0215,Elizabeth Ford
5b650595-c141-4941-ae4a-7c28a181b1a2,Nicholas Benson
8f4c5af4-f037-4086-a778-a6cfaff2d6b0,James Thomas
590202f6-adbf-46b0-9843-4a9e0c746d91,Daisy Johnson
b282f91e-9762-4ebc-b41d-c7efc1fab424,Angela Armstrong
72b49c3e-2f20-4648-8e7e-23fa994206d8,Christian Mathis
a3cf3c42-12d7-49e7-a0b3-7bbbcfaef7f9,Tony Mendoza
ca67e846-e238-4455-ad24-6f96c6d02438,Maria Guerrero
798e4439-ec60-427e-ae2c-a66e8bddfcdc,Tracy Gibbs
2943fa25-d7d9-42ff-b9e4-8a1c914f5863,Leonard Jackson
e29cd815-826f-4d6e-be01-011003b0af86,Elizabeth Montgomery
7b25b0cd-046b-4463-8d70-72bf711b7aa2,Sally Eaton
ec96b057-cb8f-4c31-a13e-c5b876b2eed6,Kristin Frank
5fe5ad79-7fd5-4741-a4cc-c22e6322816e,Mary Owens
e53b72b0-50f4-4607-886e-5cc09dcd5f28,Cameron Smith
bb5134d6-c5f6-4d96-afdf-f6efc1f901ae,Christy Acosta
c09d60e7-ed42-4689-bc2a-3a992cb8ced7,Charles Johnson
d800c5d1-75db-4014-ac93-a904161256f8,Aaron Williams
c99ddbeb-5c6f-49e0-a54c-5c31a99dcb15,Troy Henry
b79fa639-bdce-4e71-a8b3-a67d53e85506,Jeffrey Franklin
7825e221-4a97-4389-9bfa-f92c08147eda,Tyrone Ryan
d164654a-c1c6-45e6-a31b-80f14ac5b4dc,Gerald Odom
bcf082dd-196c-44ce-a4b8-7e99c0561881,Jonathan Herman
eca80535-cdab-4d87-b3db-181aaec1c0de,Aaron Smith
b542296a-204b-4447-aac7-291fb060f8bb,Robert Riley
f1f00576-630e-4590-9e0f-676a03e5e394,Nathan Howard
ce64cbc7-1fbf-40cc-8f5a-00c6e0114366,Alyssa Martinez
bb07599b-a871-4bc1-992f-a8f6fc1eac0c,Ronnie Knight
f5288a6e-ca3a-4e73-994b-23aa77e0239e,Anne Jackson
24368c95-e720-44da-994d-6990a2da8944,John Bennett
902f8f74-1500-4c38-946e-3ecf799e5a97,Mikayla Cole
0112bcc4-f525-4f80-9ad5-9e7fb4aef559,Stephanie Reyes
36921504-942b-4775-8473-9837655c5e7b,Justin Miller
76de2ebe-0bb0-482c-9f70-bfb72a60d683,Matthew Rowland
e5a0f6a6-62cc-412b-bd9a-5b04d01cc7c5,Matthew Harper
1834ba9a-aa3b-44dd-97eb-bb4257eb209b,Rebecca Flores
77922e3a-7ad2-4011-8af2-d4b3fd10bfce,Lisa Lee
b853701c-429c-4add-ace3-3fd11ef350ba,Patrick Bowers
09df894c-6a32-4f8a-b962-35c593c28870,Rodney Brandt
7a559fcb-040e-429c-ba54-2a1f881fab9c,Stacy Ferguson
63190340-eb35-454a-9b68-bd7100de73eb,Kyle Saunders
5baa3f1e-b37a-4c29-b812-cf9f660cbf4d,Kyle Carroll
789a6a0a-5027-4ee8-ac9a-490bb1c97085,Jill Barrett
d1aa4c1e-72aa-4896-ac50-10cb0f9b4c6c,Rachel Martinez
96d8fec5-61df-47c1-8fd9-40f0aada3d50,Amy Roberts
140d7217-fb05-4bd9-a6d6-f5adfbcfac10,Alexandra Chan
6a80fec2-541c-4710-bad5-6720ea81dfe9,Leah Caldwell
4e752107-88f2-4fd8-88f5-5ecbbb1be039,Michael Morris
5bc75005-5b0a-49bc-a0d3-481a1356b2fe,Anthony Wells
be43ebdf-a7f4-45da-a130-94c32c2a383a,Andre King
01793749-4393-4f9b-af83-8ace7d7d4228,Denise Clarke
333b0cee-2935-4658-a0f2-e901a42824f0,Steven Atkins
01e4b45f-56de-4acb-b06e-496d3fc12c38,Kelly Holmes
1259a3bf-ee41-43bf-bcf3-5764035bf85d,Martha Pineda DDS
e1f3d596-11b7-4630-b9eb-14f555e0bc98,John Weaver
de0da31f-bd7f-497b-bf6e-1b4c4676b3b8,Alexis Gutierrez
8a6af242-e96b-4e6b-89a6-e0f1f993a583,Katherine Wood
5cae8175-9d9a-4149-a00e-72effa46f89b,Jennifer King
b4edb6ee-4b85-4425-8479-7b177981036c,Alejandro Adams
7b5b350b-ec08-4025-8f0e-83ba2cb09d0e,Deborah Peck
235f17b4-b47f-40e9-ae51-51d3a3787414,Brandon King DDS
b3478d34-b599-4fd6-acb3-252a5ee2a5e4,Kimberly Johnson
d0cd8c30-d108-4aa8-ab35-6568fe057cbb,Megan Johnston
2a16c52d-13a2-4d51-ab63-ae29ac37ceb3,Sarah King
e78d116e-dbcb-4874-8532-9cf46d718f55,Brandon Duffy
708568f8-00bf-4c15-bdad-3a6cf6d8b8d0,Louis Davis
c1cc396c-890b-4c56-b7e3-f745f19c71aa,Martin Henderson
40a11a74-e73e-47c9-a48e-a67f1e408943,Christopher Cain
a30a38f9-1e85-49f9-a9d5-cb34317a300a,David Reed
581c9286-14cb-4ea3-b126-3899d47c775a,Leah Miller
c28a659c-45ae-4163-bffd-00723006149b,Jacob Brown
06dda1a6-0872-4d49-80fc-ebb4276e31fb,Tiffany Bass
6cc39e71-f85a-4a4c-99c3-3fd23ab1e027,Jared White
52a78963-27c8-4e1a-be24-d0c95a966602,Mark Jenkins
36ca47c0-523e-4cbd-8e73-a86d0f654dc1,Sara Stephenson
45e56e3b-ad8c-40dc-affa-eee9e27c513c,Terry Simpson
2e65c828-1cf7-426a-b50b-0562f03cb380,Michael Cruz
a796d0fb-2f36-413e-a9c0-adfb64c49143,Tyler Ramirez
6174bbf7-3b0b-4718-bbfc-1b77a31f2269,Nicholas Mason
8af0dd2d-b994-4549-9aed-c60eb370dc90,Kimberly Gonzalez
735ae392-9be0-4f52-9226-b33550e51df1,John Farley
fa9a6222-2397-471b-8a8a-059b520c9197,David Garza
aed8cb89-a4d2-42c2-9bc4-f36a23433771,Andrew Anthony
63ba72e8-661a-4c1a-b02c-f240a59d4a82,Christopher James
f8237c8e-0411-45e2-8108-ba2c56ec6685,Tyler Evans
477e7351-73da-455f-99b6-431e8a703a3a,Kenneth Holmes
5515d183-1d36-403e-bba5-75a489bf727b,Sarah Edwards
4020a14a-c03a-4c00-bd27-c8180e5336d9,Alison Benitez
f2ea4fb0-297b-430c-9324-207dda0738df,Dean Booth
0ea40c80-3870-4fa0-8f85-5a7ad5a16006,Jorge Ellis
2befc91e-1899-4325-a1cd-4ee1b8a81f14,Adam Barrett
2052d2bc-4b8f-4e45-bd13-1898cfbf605f,Dana Hensley
f135e47a-72b9-42bb-856c-e61ce62decb5,Matthew Dawson
3db82d6d-0c30-4853-9f2b-bb59d2ba9a38,Edward Whitney
b8785331-327e-429e-834d-08a0eda3a079,John Blackburn
9707cdbb-b373-4ea3-91db-cc3154b0e172,Aimee Oliver DVM
bc04f607-890c-481c-b059-4b42092d09ef,Angela Liu
bb7bcd72-dc80-4f0a-8836-1a80af8abb7b,Glenn Lee
1e6eb668-a9ba-4fe9-b4be-3a3b03cfa4c3,Sonia Barnes
74683862-0570-44ac-92b1-73a6c7e1dd02,Tara Osborne
f12a774e-d394-4e37-ba14-ad5f4019c2be,Tyler Miller
462c527d-7f90-4b47-8eb0-155976c8c2cb,Gene Frazier
c171fd5d-56d2-4573-b0eb-a38584927069,Roberto Hull
523290f0-ab7c-4446-8d43-2f6649e71a85,Nicole Johnson
6fa92cbe-aaf2-4b8f-b214-d5bf272a3806,Daniel Small
541e19df-aeae-4f30-bde8-2c2a2e215cb7,Lisa Ramirez
9be77640-5c5d-46f3-a5c6-8a4b0f461b04,Shannon Yoder
3c7d0324-358a-4ac7-bcb7-d1031eea90dc,Christopher Pope
5a5ce446-62e9-4d70-a183-7336d298294e,Courtney Dunlap
61415ad8-a438-4c33-ac67-93aac2aa07d5,Joseph Robertson
c116759b-b65e-43dd-bd27-fc8ad2163e3d,Kathryn Black
c5aad5af-7849-4cd9-b0bf-8d0296242407,John Hall
0299cac9-f77b-4344-bea4-aac6ecd1efe8,Robert Lee
a789de58-1492-45ef-8cc3-3bca54dccfe7,Kelli Nash
8a78793b-e427-46e4-9c06-91f34bb2610b,Joy Peterson
d628d492-2e85-4b10-a22b-0eb4559a5722,Samantha Miller
e3cd806d-2ab0-46f4-96b3-527afa6826d5,Larry Roberts
82207808-9ea8-40e8-9b74-745b43c7fa6b,Melinda Torres
6c5ed912-8610-4b48-b275-637c15377877,Michelle Tran
2ebe9576-9eda-44a3-bc6f-ee03a49bbe5d,Jennifer Medina MD
42349db5-aa93-4970-8e18-dd9f1c9ef9bb,Deanna Torres
72569209-cac2-4774-92e6-76d10d04920a,Harry Smith
f755a47f-ae20-4e65-b4c1-469901cb6c4b,Rachael Kelly
869cb30e-7c41-4b4c-b5cd-1c6e64e03b6d,Sherri Hernandez
cd2f9f92-5107-460e-806b-11844607534e,James Graham
e1eff76d-80ac-491b-9993-1c741b0c7155,Brandon Espinoza
9bb96efd-00d3-4e6b-9c15-c0cf1fbd305a,Amanda Bates
f520fc29-76fe-488f-86dd-7906a8fbb3a1,Cory Thornton
dfad35ce-8ce3-4c4a-8886-95014fa19b1a,John Jones
46536cb1-451c-419c-8346-6241453ddef7,Leslie Mckinney
5ecd4bca-3e0d-4495-b055-d38d639daed2,Theodore Boyer
faf2eb6f-d082-4fa9-9893-e8189f833e3f,Brian Brown
1f20c6b0-e3a5-4a7c-bc82-ab1c8119e654,Derek Brown
669724b8-a7d8-4aba-af1b-9b24f9c7e984,Lisa Mendoza PhD
b6e0b5cd-7714-4e7b-b4b6-aa13dfd63f67,Garrett Martinez
91a8ee0f-8f6a-4f18-adde-2d825e587b79,Jordan Mayer
00b4b7a1-4e09-4e08-a97d-7369ce0da091,Alicia Finley
75effc15-74a5-4700-82c8-74afd437c9f2,Megan Wyatt
ee3e578c-3f16-4f59-9552-b1c4d466be76,Steven Wood
39989b10-5bf9-494e-bc0f-89101deebfe5,Janice Brown
8ac0d24b-170f-4fd9-af80-01774ba7060f,Erin Lucas
c33591d0-25a6-4164-a86a-4eddde325ed8,Jason Chung
b7994a73-f166-43bd-95e5-aaf08cf19cf6,Cassandra Torres
f93884aa-24ca-46e1-b188-ba5711e116c9,Julie Wyatt
7be5632a-041b-4c81-b65c-1b4ee9842ce1,John Williams
9bdfab33-ca0a-409b-af36-45e4df3f6f91,Elizabeth May
82fcb592-f724-4644-af13-291c393a06e2,Misty Townsend
bfaf56ae-733d-436d-8f4f-1b430eb3461f,Paul Green
fd0ec143-6c6d-413f-b82e-962251a10636,Susan Hernandez
a313b49c-bd43-42c7-9cb0-71dd671a659f,Karen Pugh
efc2b145-b1ae-4002-8658-33104c571d9f,Jason Jones DDS
8d631ff6-811f-45ca-9dad-661ca379cdb6,Diane Haney
83ba2e99-5b8f-4061-bd4b-dfd5b69c8092,Elizabeth Shea
ffdeea91-c7c4-4814-aef8-25f015a5904c,Samuel Thomas
f08f80aa-e40d-4abd-bdf8-b9fee09a85b3,Nicholas Colon
e575fefc-18c2-4be4-916f-ed2d2d547c7a,Jason Rodriguez
68ae27b7-392f-47b5-af5a-361591de25e2,Erin Murphy
066bc13c-e049-4095-a766-8455f8c7853e,Shawna Williamson
e6f0a31b-6439-46b1-82f3-f5eecee5071c,Shari Mills
642628e6-b5d7-4fa2-8518-bb12d8a7d0b8,Raven Johnson
498cdd30-fa9c-4ec7-ace4-90cc3354fda8,John Hartman
eefbd018-42bd-468c-882f-ff9aff6b8b2d,Annette Turner
739637ae-8041-4402-810c-b83eeea98e89,Stephanie Campos
3a5368df-a96b-43c8-bcbe-4e60eb972971,Meagan Robinson
07854fdc-69a4-46ed-bcff-ef47f2d2f450,John Roberts
396d3ebf-d352-4f3f-b451-855221d47099,Natasha Montoya
69533199-3f97-4aea-b916-18f7fcc7c779,John Norris
a477e5f4-d542-465e-92cd-236e37480534,Shirley Stone
f3768a3a-abf0-4a40-8b54-ee8cab7163be,Brian Bradford
7d06b160-d8c7-4d41-be9b-d5f4054178ec,David Byrd
352b03af-68ed-479c-a755-851285774328,Mary Lambert
ff596738-2d1e-4a0b-ac38-d8829c716e98,Brandon Perez
a23081fe-f8ae-4dd3-a766-6cee51bccb2d,Melissa Wilkinson
056839c4-aef8-450f-96f3-c5def444232e,Stanley James
60be1ea3-8f56-48e8-a9ec-e4f0c4ce325b,Destiny Tran
4964ba90-82e8-4d43-8f9e-3d27b959a810,David Perry
198865ac-11de-478d-8ed3-1f0f65165528,Robert Robinson
c205abec-ae35-4e98-aa49-af85b3dbd40b,Kerri Blair
cddde7ca-197b-42a5-a1ca-591d43794f82,Gregory Good
453721d4-faf2-4376-89d2-81f50892473c,Melissa Austin
8fcf0d8f-d44e-449b-98a8-fc7fe6211490,Cody Perez
871bf289-c673-49fb-95b9-4839d9a65484,Paul May
d803dc02-f027-4637-871d-ad8b3f5029ad,Hector Campbell
d4b1d35d-a2a4-4774-ad15-192c8accacb6,Scott Harrison
a2f3fd04-a90a-4cbe-b748-621e8f63988f,Andrew Cohen
e91f8732-77e7-4ea9-b9cd-bcf55d5e0a72,Brittany Wells
22912bef-5c43-4f13-98d2-607e85242b8b,William Ayers
3cc580fb-c627-4933-a166-587e81ef8eef,William Johnson
ebf39f1d-10b1-4d3e-9104-1184f06566d2,Andrew Rosales
8a46ccad-3c3c-4822-8112-a795716e04fe,Ryan Austin
e61dc647-fd62-4bac-a4a0-89d94749aa09,Tyler Spencer
54986543-41df-47fb-b124-f2ec3e000c2a,Melanie Roberson
66b4c984-74a4-4128-96c0-5972cd070824,Jeffrey Foster
b3927f8e-90d3-4726-9ab1-5c56caaa7180,Kimberly Haney
6cd8da9b-8ded-4b88-b7cf-cc5af61a1ffd,Sharon Sutton
41569ee5-76b1-4560-8def-2003f0200644,Kelli Williams
21a85dd3-3c97-4a00-a787-2aa9fb507b8d,Taylor Smith
8139e462-2878-4d90-8de7-ca43d9cf3cb3,Miguel Evans
307e21f7-0e6b-476c-9dbd-95434252645c,Victoria Villarreal
3928b9e9-ba81-452f-8767-183e10c8a5f2,Daniel Gibson
539c875c-b38c-4283-8b6b-350dcf621770,Melissa Allen
e3800197-f8c3-47a6-bb61-91ff6622aa49,Dillon Jennings
5bcfa521-5d0a-4752-917b-3feca5337aa4,James Cook
8b7ec305-a972-493f-b9ee-c72208591475,Amanda Wolfe
a4c28755-1639-48a3-b595-f914a4324c39,Melissa Mcknight
1c083108-6ddd-414b-b5d8-96e866d5a246,Ashley Santiago
1106425b-4e18-4db5-a8b4-09b05227fe3e,Henry Flores
00c91558-d702-44ba-a42c-c7873e6c3ae4,Lisa Jones
714169ad-3eea-4e1f-a328-1eccd8591988,Christopher Wilson
83a11695-3aad-4520-ae74-24029c94f9af,Valerie Bonilla
f8730505-ec80-4b7a-88bc-7299eeb667f8,Patrick Knight
f399a668-a9ef-4d1a-9d3e-399db36f4ef8,Joshua Buckley
5cb22e23-6e04-4c3d-8a93-028a51ac40ec,Dana Wolfe
e123bbbe-651d-4e14-9bef-ff8faaf8cfd2,Angela Robinson
3ca8ad45-8431-48ed-b40e-c774d3fcf697,Cheryl Campos
e87abf64-2037-4d23-98c3-a6cffdca3d33,Jeffrey Love
15e7d0c9-bf7e-49d0-a026-45bb7f79886d,Maria Fields
a0e82005-f896-4ecf-9f20-e9c4214e0f2d,Lisa Roberson
8d85a5aa-477d-4b1b-b567-131521e896e1,Mr. Roger Johnson
e0fda588-35ef-4c04-b13b-3cdd794e2cf1,Francisco Meyer
84de0cef-7841-4b15-b7eb-debb8e3f4ad0,Suzanne Farley
2666297c-7d1d-4eb6-8eda-86d673def695,Manuel Price
4e0612eb-98e9-4af2-a951-380c4852fa8b,Christopher Schwartz
e83717ad-236c-40f9-8d35-fcfcf1a9823b,John Henderson
1d8c49f8-c51d-4c67-884e-87c2413efef4,Ashley Washington MD
d11cdec5-8bb9-42ef-8cce-693303abead1,Ms. Dawn Wyatt DVM
dbceafb1-a02b-4682-8953-25e39060d66f,Austin Norton
3a29bdcf-1a14-4f64-a3f8-70b69c4b68ce,Don Duran
31328cf7-32b0-4d1c-b847-980b2175a4e5,Jeffrey Boyd
6da51c77-4a90-4fc6-b7c4-eddf99cea117,Gregory Rush
340d6e91-413c-4587-af95-a46368a69cf0,Heather Monroe
a9baeb14-62a9-4682-8284-ab4cc20cb79a,Courtney Harrison
0a2f577e-a13b-457a-b3f1-c52d611c926d,Christopher Mitchell
8d025455-9d8f-4e61-90e5-0205fb6b8eff,Jeffrey Ball
d8c18116-07f3-4f5d-91a5-1bf789e7161d,Sally Olson
08d7a71e-ca69-43a5-84bd-3bbc78301bf6,Derek Francis
56507afc-5410-4c19-b72a-b54c4a8db028,Michael Baxter
5a7396c9-594b-4482-82b9-5f75da71b727,James Calderon
2719a43b-35b6-4b12-8710-4d008355d944,Brandy Dean
01fe7516-56ad-46ae-9e8a-c52cb5f91812,Ian Tapia
234889dd-cde7-4d76-a0bf-a90391d8639e,Rebecca Bradley
8b4adf0b-cc03-46df-a0c5-40c02231a056,Ryan Hart
74bf8204-beb9-460c-85aa-6860bfd919ad,Justin Turner DVM
452e0e55-b1c7-4531-9cb6-f438887cc3db,Jerome Martin
f67d4ca6-3801-4f96-82eb-658aea34b495,Brett Santiago
b0e0074a-e221-4d93-ba54-daf0f3fa47cd,Dr. Erin Turner
85f1691a-1a62-498b-aa17-1292c06b0b51,Sherry Thomas
33d4a4ce-8296-4ad1-851e-013641357464,Richard Owen
6d9dfd37-cf97-4aba-9bae-f58f561f4a39,Kevin Arroyo
f6e0ba34-ae4d-4a77-b459-debc29948250,Melissa Wolfe
7315a3d8-170e-4fcb-bb67-23c8fd8e85dd,Barry Maxwell
5fd8e778-e9f3-4bad-bec0-74210bce1fc2,Steven Huang
135556cb-be23-4a07-a466-a3b94258fff2,Tanya Craig
648f5c51-a56d-4f8d-b1a8-5541c8067636,Jill Johnson
23e5bbfd-78e8-4b95-af19-45ac0119100e,Mary Mills
0c19958d-6d18-4f43-9abf-41ee1e29618d,Jasmine Peterson
47382983-045f-4044-974d-bd3d94e37fe4,Stephanie Price
16666145-303b-4965-9573-a1e268c89cbc,Brian Porter
bb449f16-add6-4e14-b5cb-8656870f5535,Nicole Perez
d1b3585e-bb17-4bb9-b943-ff1f9ff4b17c,Madison Davis
c9b6642d-4f36-496a-87b4-c048668393c7,Destiny Simmons
7427d6f1-58e9-4ae8-ba49-ba6df105909e,Mrs. Stephanie Riley
9fae364c-2a7b-456a-8946-4d09123ee880,Carolyn Bishop
b6017e07-2fb2-48ce-a9a2-239758f44f40,Jennifer Manning
1b00f6da-57b6-4ed9-841b-79dac3b82ac4,Mary Kim
973dfe8b-0e65-4da7-b5bc-31e4a680371e,Susan Bennett
fe4bf952-23c7-48a0-88f8-e2a6c279c3b7,Jesus Padilla
e70309d4-daee-4302-bca4-3252835510ce,Erin King
d6458c46-89af-4c79-875e-03855f2f4e62,Roger Carroll
26a34c8c-5253-4d02-b8d5-7c2226292038,Amy Simmons
1a45fca2-fb2a-4af1-8a00-8c0b7321682d,Stephanie Castillo
737ef7c8-0657-4a4f-b8df-65e5961df15a,Lynn Smith
2f96ef3b-ac56-43e0-a67b-35527eb1d5ff,Gregory Reynolds
6a54e693-5e04-4eef-ba43-e902649fba20,Katherine Berger
ef5dd91a-048f-49cc-a0ac-06e59deaad07,Kathleen Kane
fc6ca064-0b9b-4e6f-b9ef-37e1a2f393ac,Scott Ray
3954d60f-edce-4306-9f43-330de1beba0d,Bryan Bell
5219927f-ce73-493e-aee7-f768701236c8,Robert Oliver
2b4a26f3-057a-407a-b0e1-4b3ce2ad299a,Taylor Hudson
afe291d6-ef40-4179-af6f-7371c1373b81,Kathleen Sawyer
0b0c906f-79f1-47df-9424-602d69a36b3d,Patricia Webb
7817b04b-8337-49ee-9d22-3a8ee876e8ac,Patrick Holloway
77b12dc3-6dde-493c-95aa-470f79da8741,Daniel Jones
54a2665d-11de-426e-93a1-7709235d2ad6,Joshua Henderson
e081cee4-782c-4815-8f72-3ee2aeccada6,Wyatt Bates
da9bc755-22b3-4b72-b4db-92d294376de6,Kimberly Mccann
877fb137-7451-4234-9755-9d25d6de1591,Brittany Barrera
32e1fd5f-7eca-4ef8-9fb3-d91eb0d2c9fa,Robert Anthony
3d9765a3-2745-484f-835e-1c6fd828708b,Nicholas Jones
bb883917-700c-4717-aaf2-9b7728f3f506,James Maxwell
8db8f030-294b-4fc2-a7d1-8f2b8c9c9841,Patrick White
d2f41555-6cd0-48d3-800c-76e1cfd57387,Stephen Hughes
5ff453bf-2a5b-4979-afdf-5734af570466,Robert Cortez
47e9c741-86b3-453c-8f60-3241bcdb7f8a,Eric Adams
6ec3eaf8-cf06-4ede-ad28-c8d52b0e2aca,Mark Chan
a53fde1a-c1d8-4f2f-8032-42ba176683d0,William Robbins
02238f4f-d523-4427-9a2f-f37a1c4a6cf1,Mrs. Veronica Murphy
a431c7c5-d166-42e0-ae2c-06754a12c82d,Danny Walker
eb616ccc-2e1b-4d67-b63e-7b8ed699ef9d,Jessica Best
57fe52a6-4ddf-4502-8115-6356581be769,Jessica Bowman
20c01dd6-f3c0-4238-aeed-a51e881e5758,Matthew Carrillo
c95d681e-8eca-4475-b18e-ff279338caef,Lindsey Ellison
c19b58b9-2816-40cc-ac8a-61bb5e6f626c,Michelle Williams
828ea2da-0c34-49aa-bff5-a4851c6c97f5,Gloria Huynh
562e86a7-cd6c-4e5b-a830-68b1ef875ed3,David English
826e7bf5-6a28-460b-a8f2-4a09ab8030c9,Kyle Johnson
e9afdf77-3d9d-41c6-b56b-98f80f1dfef2,Jennifer Atkinson
752bd1e9-fe6a-499a-887b-46975e835bc4,Renee Clark
752ff676-2355-4f1c-b1b4-1e7199b9d8e0,Melissa Brown
85126b1d-e95d-400c-b837-94b7f15183b6,Russell Hutchinson
